축제명,개최장소,축제시작일자,축제종료일자,축제내용,소재지도로명주소,소재지지번주소,위도,경도,제공기관명
2024춘천예술문화축제 - 제11회 한여름밤의 아리아,상상마당 야외공연장,2024-08-14,2024-08-14 0:00,춘천예술문화축제  한여름 밤의 아리아,강원특별자치도 춘천시 스포츠타운길399번길 25 어린이회관,강원특별자치도 춘천시 삼천동 223-2 KT&G상상마당 춘천아트센터,37.873825,127.7025264,강원특별자치도 춘천시
2024 춘천연극제,봄내극장,2024-07-01,2024-09-30 0:00,관객과 함께 웃고 호흡하는 연극제,강원특별자치도 춘천시 서부대성로 71,강원특별자치도 춘천시 옥천동 73-2,37.8825658,127.7313665,강원특별자치도 춘천시
제36회 춘천인형극제,춘천인형극장 등 춘천시 일원,2024-08-30,2024-09-04 0:00,국내외 초청작+참가작+신작쇼케이스+포럼+아트마켓 등,강원특별자치도 춘천시 영서로 3017,강원특별자치도 춘천시 사농동 277-3,37.921339,127.7202795,강원특별자치도 춘천시
거창국제연극제,수승대 일원,2024-07-26,2024-08-09 0:00,국내외 연극공연 등,경상남도 거창군 은하리길 2,경상남도 거창군 위천면 황산리 750-3,35.7607397,127.8335421,경상남도 거창군
거창한마당대축제,스포츠파크 일원,2024-09-26,2024-09-29 0:00,아림예술제+군민체육대회 등,경상남도 거창군 거창읍 심소정길 39-36,경상남도 거창군 거창읍 양평리 1160,35.6939904,127.9279695,경상남도 거창군
거창크리스마스트리문화축제,거창군청 일원,2024-12-06,2025-01-31 0:00,트리문화축제 공연 등,경상남도 거창군 거창읍 중앙로 103,경상남도 거창군 거창읍 중앙로 103,35.6865893,127.9095378,경상남도 거창군
나루터 영화제,노량진축구장,2024-09-07,2024-09-07 0:00,가족영화상영+문화예술공연+먹거리부스운영,서울특별시 동작구 노량진로 74,서울특별시 동작구 대방동 49-6,37.5127025,126.9331254,서울특별시 동작구
동작댄스데이,노량진축구장,2024-09-28,2024-09-28 0:00,댄스대회+길거리 댄스교습소,서울특별시 동작구 여의대방로20길 33,서울특별시 동작구 신대방동 722,37.4926778,126.919139,서울특별시 동작구
에코아트페어 제로섬씽Zero-Somthing 2024,춘천문화예술회관 전시장,2024-11-01,2024-11-01 0:00,기후위기를 극복하는 제로 웨이스트 전시 형태,강원특별자치도 춘천시 효자상길5번길 13(효자동),강원특별자치도 춘천시 효자동 산40-12 춘천문화예술회관,37.8724395,127.729498,강원특별자치도 춘천시
제21회 담안골 문화축제,반송동 일원,2024-09-01,2024-09-01 0:00,개막행사+무대공연 등,부산광역시 해운대구 중동2로 11,부산광역시 해운대구 중동 1378-95,35.1629739,129.1637236,부산광역시 해운대구
2024 경산갓바위소원성취축제,갓바위공영주차장,2024-09-07,2024-09-08 0:00,소원성취 다례봉행+음악회 및 체험부대행사,,경상북도 경산시 와촌면 대한리 537,35.9850113,128.7495291,경상북도 경산시
제13회 경산대추축제 농산물한마당,경산생활체육공원 어귀마당,2024-10-19,2024-10-20 0:00,우수 농산물 홍보 및 판매+체험행사 등,,경상북도 경산시 상방동 10,35.8197293,128.7444573,경상북도 경산시
정서진 해넘이 행사,인천 서구 정서진,2024-12-31,2024-12-31 0:00,경관조명행사 + 체험프로그램,인천광역시 서구 정서진1로 41,인천광역시 서구 오류동 1563,37.557851,126.6066236,인천광역시 서구
제20회 광주 추억의 충장축제,5.18민주광장 및 국립아시아문화전당+충장로+금남로+예술의 거리 등 광주 일원,2024-10-02,2024-10-06 0:00,공식행사+퍼레이드+전시+공연+체험+국제교류행사 등,광주광역시 동구 서남로 1(동구청),광주광역시 동구 서석동 31,35.1459525,126.9231488,광주광역시 동구
찾아가는 영화관Ⅰ,대천공연,2024-07-01,2024-07-01 0:00,야외 영화관 상영,부산광역시 해운대구 중동2로 11,부산광역시 해운대구 중동 1378-95,35.1629739,129.1637236,부산광역시 해운대구
제28회 부산바다축제,해운대해수욕장,2024-08-01,2024-08-06 0:00,개막행사+무대공연 등,부산광역시 해운대구 중동2로 11,부산광역시 해운대구 중동 1378-95,35.1629739,129.1637236,부산광역시 해운대구
송정해변축제,송정해수욕장 일원,2024-08-01,2024-08-01 0:00,개막행사+무대공연 등,부산광역시 해운대구 중동2로 11,부산광역시 해운대구 중동 1378-95,35.1629739,129.1637236,부산광역시 해운대구
영화의 거리 영화음악 콘서트- 아주 특별한 여름밤 시네마콘서트 (마린시티),영화의 거리,2024-08-31,2024-08-31 0:00,영화+음악 해설이 있는 영화음악 콘서트 공연,부산광역시 해운대구 중동2로 11,부산광역시 해운대구 중동 1378-95,35.1629739,129.1637236,부산광역시 해운대구
세대공감+신나는 풍류 콘서트,해운대해수욕장,2024-08-01,2024-08-01 0:00,고향사랑기부제 기금제안사업(선정시 진행),부산광역시 해운대구 중동2로 11,부산광역시 해운대구 중동 1378-95,35.1629739,129.1637236,부산광역시 해운대구
팜앤컬쳐페스타(농촌체험페스티벌),김천시종합스포츠타운,2024-10-11,2024-10-13 0:00,시민에게 농촌 및 농업문화 체험 기회 제공,경상북도 김천시 운동장길 1,경상북도 김천시 삼락동 488-1,36.1403997,128.0870439,경상북도 김천시
홍성 유기농업특구 축제,문당환경농업마을 일원,2024-10-05,2024-10-06 0:00,"유기농업 가치 확산을 주제로 한 생산, 소비, 체험, 교육, 장터 한마당",충청남도 홍성군 홍동면 문당길 142,충청남도 홍성군 홍동면 문당리 388-2,36.5364494,126.7041077,충청남도 홍성군
삼척동해왕이사부축제,삼척장미공원 일원,2024-07-20,2024-07-21 0:00,공연+퍼레이드+체험+연계행사 등,강원특별자치도 삼척시 오십천로 536,강원특별자치도 삼척시 정상동 232,37.4353012,129.1749107,강원특별자치도 삼척시
제24회소래포구축제(일정미확정),인천 남동구 소래포구 일원 (해오름광장 및 소래포구관광벨트),2024-09-27,2024-09-29 0:00,소래바다를 주제로한 체험행사 및 문화공연,"인천광역시 남동구 아암대로 1550, (논현동)",인천광역시 남동구 논현동 775,37.3914042,126.7309565,인천광역시 남동구
사하예술제,다대포해수욕장 일원,2024-10-19,2024-10-20 0:00,전시+공연+체험프로그램+연계 행사 등,부산광역시 사하구 낙동남로1233번길 25,부산광역시 사하구 하단동 1151-14,35.1094304,128.9449377,부산광역시 사하구
제51회지리산평화제,지리산신선너들+산청공설운동장+성철공원,2024-10-09,2024-10-22 0:00,지리산산신제+평화상시상+민속행사+원혼위령제,경상남도 산청군 시천면 지리산대로 520,경상남도 산청군 시천면 중산리 519,35.2785867,127.7926379,경상남도 산청군
제48회남명선비문화축제,한국선비문화연구원,2024-10-18,2024-10-19 0:00,남명제례+개막식+공연+경연+전시+체험행사,경상남도 산청군 시천면 남명로 240번길 33,경상남도 산청군 시천면 사리 900-27,35.2756162,127.8460927,경상남도 산청군
제18회기산국악제전,기산국악당+동의보감촌,2024-10-04,2024-10-05 0:00,추모제+박헌봉국악상시상+국악한마당공연+전국국악경연대회,경상남도 산청군 단성면 상동길 69,경상남도 산청군 단성면 사월리 1399,35.2760545,127.9342365,경상남도 산청군
제16회불교문화제전,성철공원,2024-10-12,2024-10-12 0:00,음악회+불교문화체험및전시,,경상남도 산청군 단성면 묵곡리 949,35.2776392,127.9649483,경상남도 산청군
제16회산청목화축제,목면시배유지,2024-10-27,2024-10-27 0:00,무명베짜기재현+모듬북공연+음악회+무명옷패션쇼+목화체험,경상남도 산청군 단성면 목화로 887,경상남도 산청군 단성면 사월리 105-1,35.2897741,127.9579534,경상남도 산청군
하남이성산성문화축제,하남이성산성,2024-09-28,2024-09-29 0:00,둘레길 걷기+빛조명+개막식 등,경기도 하남시 춘궁동 291-1,,37.5236889,127.1868503,경기도 하남시
예산장터삼국축제,예산전통시장 일원,2024-10-01,2024-10-08 0:00,"예산의 국화, 국밥, 국수의 맛과 멋을 찾아 예산장터로 떠나는 가을여행축제",충청남도 예산군 예산읍 천변로 160,충청남도 예산군 예산읍 대회리 233-4,36.6761382,126.8478668,충청남도 예산군
의좋은형제축제,의좋은 형제공원 일원,2024-10-15,2024-10-18 0:00,예산의 실존인물인 이성만·이순형제와 함께 떠나는 가족여행,충청남도 예산군 대흥면 의좋은형제길 3,충청남도 예산군 대흥면 상중리 274-1,36.6069681,126.7920974,충청남도 예산군
예산황토사과축제,예산읍 다목적구장,2024-11-01,2024-11-13 0:00,예산황토사과의 우수성 홍보,충청남도 예산군 예산읍 예산로 354,충청남도 예산군 예산읍 향천리 257,36.6768585,126.8612854,충청남도 예산군
2024 김포 평화누리길 걷기 행사,평화누리길(김포 구간),2024-01-01,2024-12-31 0:00,걷기 프로그램+부대행사 등,,경기도 김포시 대곶면 대명리 551-19,37.6405595,126.5408501,경기도 김포시
2024 월곶저잣거리 축제,월곶면 군하숲길 및 생활문화센터 일원,2024-01-01,2024-12-31 0:00,저잣거리와 월곶의 역사를 담은 야간 조명과 함께하는 야행 등,,경기도 김포시 월곶면 군하리 83-2,37.7170843,126.5526122,경기도 김포시
2024 김포시도심축제,장기동 라베니체 일원,2024-10-12,2024-10-13 0:00,"레이저, 드론 쇼, 콘서트, 버스킹, 야간 조명 조형물, 시민체험프로그램 등",,경기도 김포시 장기동 2001-1,37.6434066,126.6752627,경기도 김포시
김광석길페스티벌,김광석거리 일원,2024-10-01,2024-10-30 0:00,"김광석길 문화예술 공연, 버스킹, 전시 등",대구광역시 중구 국채보상로139길 1(동인동2가),,35.8698726,128.6053779,대구광역시
대구화교중화문화축제,"대구화교소학교, 종로거리 일원",2024-10-01,2024-10-30 0:00,"개막식, 중국용춤·사자춤,중화전통의상, 음식, 놀이 전시, 체험 등",대구광역시 중구 국채보상로139길 1(동인동2가),,35.8698726,128.6053779,대구광역시
제23회 팔공산 단풍축제,팔공산 갓바위지구,2024-10-01,2024-10-30 0:00,"단풍가요제, 단풍길 걷기여행, 축하공연 등",대구광역시 동구 아양로 207(신암동),,35.8865597,128.6354897,대구광역시
달구벌목민관 부임 마을축제,서구일대 북비산네거리,2024-10-01,2024-10-30 0:00,달구벌목민관 추원제 및 부임행사 재현 퍼레이드,대구광역시 서구 국채보상로257(평리동),,35.8718149,128.5591771,대구광역시
금산인삼축제,금삼세계인삼엑스포 광장,2024-10-03,2024-10-13 0:00,인삼캐기 체험+인삼약초체험+생활건강 체험 등 건강 체험관 운영+국제인삼교역전+인삼생활관+축제 40주년 기념 금산인삼 시대별 콘텐츠 구성 응답하라 1981 등,충청남도 금산군 금산읍 인삼광장로 30,충청남도 금산군 금산읍 신대리 392,36.0999823,127.5010515,한국관광공사
김제지평선축제,전북 김제시 벽골제,2024-10-02,2024-10-06 0:00,벽골제 제사+지평선 전국 농악 경연 대회+농악경연 대회+벽골제 쌍룡 햇불 퍼레이드+지평선 김제夜놀자+쌍룡 서치&고고쇼+벽골제 오색 별빛의 향연,전북특별자치도 김제시 부량면 벽골제로 442,전북특별자치도 김제시 부량면 신용리 242-10,35.7529646,126.8524556,한국관광공사
대구치맥페스티벌,두류공원,2024-07-03,2024-07-07 0:00,치맥 테마 식음+체험+공연+참여프로그램 운영 등,대구광역시 달서구 공원순환로 7,,35.8515019,128.5620012,한국관광공사
대전효문화뿌리축제,뿌리공원+원도심 일원,2024-10-11,2024-10-13 0:00,효로 통하는 세상(孝通)+「효통로 1번지」+개폐막식+문중(문화)체험(참여)프로그램+주제공연+각종 온오프라인 참여 이벤트 등,대전광역시 중구 뿌리공원로 47,대전광역시 중구 안영동 71-2,36.2853792,127.3830946,한국관광공사
제18회 대구국제뮤지컬페스티벌,대구오페라하우스 및 공연장,2024-06-21,2024-07-08 0:00,"국내외 20작품 뮤지컬 공연, 딤프린지, 스타데이트 등",대구광역시 중구 공평로 88(동인동1가),,35.871479,128.601482,대구광역시
대구치맥페스티벌,두류공원,2024-07-01,2024-07-31 0:00,"치킨 및 맥주업체 등 홍보, 전시, 판매, 테마별 프로그램 운영 등",대구광역시 중구 공평로 88(동인동1가),,35.871479,128.601482,대구광역시
제21회 대구국제오페라축제,대구오페라하우스 및 대구 일원,2024-10-04,2024-11-08 0:00,"메인오페라, 콘서트시리즈, 오페라어워즈 등",대구광역시 중구 공평로 88(동인동1가),,35.871479,128.601482,대구광역시
대구콘텐츠페어,엑스코,2024-10-11,2024-10-12 0:00,"콘텐츠 전시, 컨퍼런스, 부대행사 등",대구광역시 중구 공평로 88(동인동1가),,35.871479,128.601482,대구광역시
팔공산 산중전통장터 승시 축제,동화사,2024-10-01,2024-10-30 0:00,"승시재현마당, 개막식, 문화공연, 경연대회, 전시 및 체험 등",대구광역시 중구 공평로 88(동인동1가),,35.871479,128.601482,대구광역시
대구포크페스티벌,코오롱야외음악당,2024-10-01,2024-10-30 0:00,포크송 공연 등,대구광역시 중구 공평로 88(동인동1가),,35.871479,128.601482,대구광역시
월드오케스트라페스티벌,대구콘서트하우스,2024-10-01,2024-11-30 0:00,오케스트라 공연 등,대구광역시 중구 공평로 88(동인동1가),,35.871479,128.601482,대구광역시
대구 문화유산 야행,경상감영,2024-08-30,2024-08-31 0:00,"야간 문화유산 탐방, 해설 등",대구광역시 중구 국채보상로139길 1(동인동2가),,35.8698726,128.6053779,대구광역시
제11회 대구스트리트모터페스티벌,남산동 자동차골목 일원,2024-09-01,2024-09-30 0:00,차량전시 및 부대행사,대구광역시 중구 국채보상로139길 1(동인동2가),,35.8698726,128.6053779,대구광역시
제19회 패션주얼리위크,대구패션주얼리특구 일원(교동~동성로 일대),2024-09-01,2024-09-30 0:00,"주얼리패션쇼, 주얼리경매, 주얼리모델대회, 주얼리체험 등",대구광역시 중구 국채보상로139길 1(동인동2가),,35.8698726,128.6053779,대구광역시
서문시장글로벌대축제,서문시장 일대,2024-10-01,2024-10-30 0:00,"보부상퍼레이드, 상인가요제, 서문가요제 등",대구광역시 중구 국채보상로139길 1(동인동2가),,35.8698726,128.6053779,대구광역시
교동시장한마음축제,교동시장 일대,2024-10-01,2024-10-30 0:00,"축하공연, 교동보물찾기, 상인 노래자랑 등",대구광역시 중구 국채보상로139길 1(동인동2가),,35.8698726,128.6053779,대구광역시
양양 송이&연어축제,양양남대천 둔치 및 부대행사장,2024-10-01,2024-10-30 0:00,"송이 및 연어 홍보부스, 부대행사",,강원특별자치도 양양군 양양읍 남문리 226-2,38.0731228,128.6242116,강원특별자치도 양양군
양구사과시래기축제,해안면 통일관 일원,2024-10-26,2024-10-27 0:00,"사과, 시래기 판매 및 홍보, 축제프로그램 운영",,강원특별자치도 양구군 해안면 후리 622,38.2898662,128.14551,강원특별자치도 양구군
제17회_정남진_장흥_물축제,탐진강+편백숲우드랜드,2024-07-27,2024-08-04 0:00,살수대첩 거리 퍼레이드+지상 최대의 물싸움+황금 물고기를 잡아라+수중 줄다리기+워터락풀파티+지상 최대의 워터붐+수상 프로그램 등,,전라남도 장흥군 장흥읍 건산리 805,34.6775209,126.9046108,전라남도 장흥군
제천국제음악영화제,제천시 명동 일원(변경가능),2024-09-05,2024-09-10 0:00,음악영화제,충청북도 제천시 의림대로12길 14-1,충청북도 제천시 명동 155-1,37.1293522,128.2064117,충청북도 제천시
제천의병제,자양영당 등,2024-10-17,2024-10-18 0:00,의병제,충청북도 제천시 의림대로 125,충청북도 제천시 중앙로2가 26-1,37.139636,128.2106426,충청북도 제천시
제51회신라문화제,대릉원및중심상가등경주관내일원,2024-10-11,2024-10-20 0:00,"1962년 제1회를 시작으로 올해 제51회를 맞이한 신라문화제의 예술제(주제공연 및 전시, 예술제, 화평서제 등)",경상북도 경주시 양정로 260,,35.8560441,129.2249516,경상북도 경주시
고창모양성제,모양성 일원,2024-10-09,2024-10-13 0:00,거리퍼레이드+답성놀이+강강술래 등,전북특별자치도 고창군 고창읍 중앙로 292,전북특별자치도 고창군 고창읍 교촌리 55-2,35.4354067,126.707233,전북특별자치도 고창군
고창해풍고추축제,해리복지회관일원,2024-08-23,2024-08-25 0:00,기념식+고추품평회+공연+전시판매+고추관련체험 등,전북특별자치도 고창군 해리면 청해1길 15,전북특별자치도 고창군 해리면 하련리 628-3,35.4611197,126.5377995,전북특별자치도 고창군
마노르블랑 수국축제,마노르블랑,2024-04-10,2024-08-31 0:00,수국축제의 향연 전세계 30여종 7천여본 수국들을 만나다,제주특별자치도 서귀포시 안덕면 일주서로2100번길 46,,33.2542777,126.2945292,제주특별자치도
비체올린 여름꽃&능소화축제,비체올린,2024-05-15,2024-07-20 0:00,비체올린 여름꽃 이야기,제주특별자치도 제주시 한경면 판조로 253-6,,33.3494593,126.2184532,제주특별자치도
부산국제영화제 전야제,BIFF광장일원,2024-10-01,2024-10-11 0:00,축하공연,부산광역시 중구 비프광장로 36,부산광역시 중구 남포동5가 18-1,35.0986158,129.0287567,부산광역시 중구
부산자갈치축제,자갈치시장 및 유라리광장 일원,2024-10-05,2024-10-08 0:00,개막식+길놀이+체험프로그램 등,부산광역시 중구 자갈치해안로 52,부산광역시 중구 남포동4가 37-1,35.096718,129.0311198,부산광역시 중구
김천김밥축제(페스타),김천시 사명대사공원,2024-10-26,2024-10-27 0:00,"김천김밥 판매부스 및 시식존, 다양한 체험프로그램 운영",경상북도 김천시 대항면 직지사길 130,경상북도 김천시 대항면 운수리 94-3,36.1173169,128.0079705,경상북도 김천시
개천절 대제전,사직동 단군성전,2024-11-03,2024-11-03 0:00,국조 단군의 개국을 기념하는 전통제례 봉행 및 부대행사,서울특별시 종로구 인왕산로 22,서울특별시 종로구 사직동 1-28,37.5759361,126.967264,서울특별시 종로구
종로한복축제,광화문광장,2024-10-11,2024-10-12 0:00,한복을 중심으로 한 전통행사,"서울특별시 종로구 새문안로3길 3, 6층",서울특별시 종로구 신문로1가 58-15,37.5707419,126.972414,서울특별시 종로구
2024 아시테지 국제여름축제,대학로,2024-08-07,2024-08-11 0:00,아시테지 국제아동극 여름축제,"서울특별시 종로구 동숭길 114, 2층",서울특별시 종로구 동숭동 28,37.5831662,127.0038384,서울특별시 종로구
2024 아시테지 국제겨울축제,대학로,2025-01-08,2025-01-15 0:00,아시테지 국제아동극 겨울축제,"서울특별시 종로구 동숭길 114, 2층",서울특별시 종로구 동숭동 28,37.5831662,127.0038384,서울특별시 종로구
2024 웰컴대학로,대학로,2024-10-12,2024-10-26 0:00,대학로를 다양하게 즐길 수 있는 공연관광 페스티벌,강원특별자치도 원주시 세계로 10,강원특별자치도 원주시 반곡동 1914-6,37.3241585,127.9903094,서울특별시 종로구
금산세계인삼축제,금산인삼관 광장 및 인삼약초시장 일원,2024-10-03,2024-10-13 0:00,"ㅇ인삼캐기 체험+미래로봇관+홍삼족욕 및 홍삼팩 마사지체험 등 건강 체험관 운영+국제인삼교역전+엄마 행복하세요 주제에 맞는 콘텐츠 구성 엄마건강UP,행복UP 등",충청남도 금산군 금산읍 인삼광장로 30,충청남도 금산군 금산읍 신대리 392,36.0999823,127.5010515,충청남도 금산군
금산삼계탕축제,금산인삼관 광장 일원,2024-07-24,2024-07-28 0:00,ㅇ가족 여름 삼(蔘)캉스+여름 별빛놀이터+열대야 콘서트+여름 쿨 음악회+금산인삼 푸드코너+간편 삼계요리 경연대회+금산약초 체험마켓 등,충청남도 금산군 금산읍 인삼광장로 30,충청남도 금산군 금산읍 신대리 392,36.0999823,127.5010515,충청남도 금산군
영천보현산별빛축제,보현산천문과학관 일원,2024-10-04,2024-10-06 0:00,천문·우주·과학 관련 온오프라인 콘텐츠 운영+천문학 강의+스타파티+각종 참여 프로그램 등,경상북도 영천시 화북면 별빛로 681-32,경상북도 영천시 화북면 정각리 689,36.1402056,128.9968553,경상북도 영천시
초동연가길 코스모스축제,초동연가길 일원,2024-10-05,2024-10-06 0:00,걷기대회+공연+행사,,경상남도 밀양시 초동면 반월리 167,35.3840542,128.6722144,경상남도 밀양시
2024 통영한산대첩축제,통영 삼도수군통제영 및 통영시 일원,2024-08-09,2024-08-14 0:00,고유제+군점+이순신장군 행렬+한산대첩 재현+학술발표회+통제영무과 체험마당,경상남도 통영시 세병로 27(문화동),경상남도 통영시 문화동 62,34.8482246,128.4227749,경상남도 통영시
제2회 광주 버스킹 월드컵,금남로+5.18 민주광장 등 광주 전역,2024-10-02,2024-10-06 0:00,토너먼트 방식(온라인 예선을 거쳐 본선 진행)의 버스킹 공연,광주광역시 동구 서남로 1(동구청),광주광역시 동구 서석동 31,35.1459525,126.9231488,광주광역시 동구
2024 수원음식문화박람회,수원화성박물관(예정),2024-10-04,2024-10-06 0:00,"전국요리경연대회, 국제자매도시조리사초청전 동시개최로 수원의 맛과 멋을 알리는 수원만의 특색있는 음식문화박람회",경기도 수원시 팔달구 창룡대로 21,경기도 수원시 팔달구 매향동 49,37.2825914,127.0193606,경기도 수원시
2024년 외솔한글한마당,외솔기념관 및 중구 원도심 일원,2024-10-05,2024-10-09 0:00,한글을 주제로 한 전시+체험+경연+공연,울산광역시 중구 시계탑거리 4,,35.5551142,129.3216031,울산광역시 중구
2024 전주세계소리축제,한국소리문화의전당,2024-08-14,2024-08-18 0:00,판소리와 전통음악을 중심으로 월드뮤직과 다양한 장르의 음악을 아우르는 글로벌 음악축제,전북특별자치도 전주시 덕진구 소리로 31,전북특별자치도 전주시 덕진구 덕진동1가 산 1-1,35.8557076,127.1454032,전북특별자치도 전주시
2024 전주독서대전,전주한벽문화관+완판본문화관 일원(변동 가능),2024-10-11,2024-10-13 0:00,책 읽는 도시 글 쓰는 전주의 대한민국 최대 규모 책 축제,전북특별자치도 전주시 완산구 백제대로 306,전북특별자치도 전주시 완산구 중화산동2가 산66,35.820242,127.1236657,전북특별자치도 전주시
2024 전주조선팝페스티벌,서학예술광장(변동 가능),2024-10-18,2024-10-20 0:00,전통 가락에 대중음악을 접목한 조선팝을 소재로 펼쳐지는 페스티벌,전북특별자치도 전주시 완산구 팔달로 74,전북특별자치도 전주시 완산구 서서학동 189-3,35.80825,127.150767,전북특별자치도 전주시
전주페스타 2024,전주종합경기장,2024-10-03,2024-10-27 0:00,"관광거점도시 전주의 맛, 멋, 열정을 담은 10월의 전주 대표 축제시즌",전북특별자치도 전주시 덕진구 기린대로 451,전북특별자치도 전주시 덕진구 덕진동1가 1220-1,35.8394468,127.124793,전북특별자치도 전주시
산청한방약초축제,산청IC축제광장+동의보감촌,2024-09-27,2024-10-06 0:00,혜민서(한방무료진료)+전통방식 약초달이기+산청한약방 체험+문화예술공연/경연+전시/판매행사 등,경상남도 산청군 금서면 동의보감로555번길 61,경상남도 산청군 금서면 특리 1300-25,35.4393332,127.8274566,한국관광공사
세종축제,세종호수공원,2024-10-09,2024-10-12 0:00,대형 수상극+버스킹+한글놀이터+시민 참여 프로그램 등,세종특별자치시 갈매로 387,세종특별자치시 어진동 593,36.4985206,127.2638359,한국관광공사
수원화성문화제,화성행궁+행궁광장 등,2024-10-04,2024-10-06 0:00,주제공연+투어/전시/체험+정조대왕 능행차 공동재현,경기도 수원시 팔달구 정조로 825,경기도 수원시 팔달구 남창동 6-2,37.2818334,127.0134453,한국관광공사
순창장류축제,순창전통고추장민속마을 일원,2024-10-11,2024-10-13 0:00,문화공연+장류체험+전시+판매+주민참여 프로그램 등,전북특별자치도 순창군 순창읍 민속마을길 6-3,전북특별자치도 순창군 순창읍 백산리 265-4,35.3686127,127.1099968,한국관광공사
시흥갯골축제,시흥갯골생태공원,2024-09-27,2024-09-29 0:00,갯골패밀리런+갯골퍼레이드+생태체험놀이+생태예술공연+갤골달빛야행 등,경기도 시흥시 동서로 287,경기도 시흥시 장곡동 724-10,37.3909839,126.780835,한국관광공사
안동탈춤축제,안동 원도심 일대,2024-09-27,2024-10-06 0:00,한국탈춤 공연+외국탈춤 공연+기타 공연+시민참여 프로그램+체험 프로그램 등,경상북도 안동시 경동로 684,경상북도 안동시 운흥동 224,36.5620367,128.73107,한국관광공사
안성맞춤남사당바우덕이축제,안성맞춤랜드+안성천 일대,2024-10-03,2024-10-06 0:00,남사당놀이+장터무대+전야제+기획 체험전+체험부스 등,경기도 안성시 보개면 남사당로 198,경기도 안성시 보개면 복평리 303-3,37.0329386,127.3078518,한국관광공사
영동난계국악축제,레인보우힐링관광지,2024-10-09,2024-10-13 0:00,퍼레이드+숭모제+국악기체험 등,충청북도 영동군 영동읍 동정로 1,충청북도 영동군 영동읍 계산리 210-1,36.1747028,127.7830342,한국관광공사
영주풍기인삼축제,축제풍기인삼문화팝업공원 일원,2024-10-05,2024-10-13 0:00,풍기기네스+풍퀴즈 온더블록+인삼향 풍기네+슬기로운 풍기인삼+릴레이콘서트 등,경상북도 영주시 풍기읍 남원로 80,경상북도 영주시 풍기읍 성내리 99 풍기읍사무소,36.8675045,128.5262586,한국관광공사
제26회 밀양얼음골사과축제,얼음골공영주차장,2024-11-02,2024-11-03 0:00,판매+으뜸사과선발+공연,,경상남도 밀양시 산내면 삼양리 190-1,35.5802516,128.981563,경상남도 밀양시
관악강감찬축제,낙성대공원,2024-10-11,2024-10-13 0:00,강감찬 장군 출병식 및 전승행렬 거리 퍼레이드+고려마을 테마 체험부스+강감찬 장군 추모제향 등 다채로운 행사 진행,서울특별시 관악구 낙성대로 77,서울특별시 관악구 봉천동 228,37.4711594,126.9601859,한국관광공사
제28회 무주반딧불축제,등나무운동장,2024-08-31,2024-09-08 0:00,환경탐사+체험 판매 등 상설행사+문화예술행사,전북특별자치도 무주군 무주읍 한풍루로 326-14,전북특별자치도 무주군 무주읍 당산리 1118,36.0026305,127.6614881,전북특별자치도 무주군
2024 구미라면축제,구미역(원평동)일원,2024-11-01,2024-11-03 0:00,라면테마축제,경상북도 구미시 구미중앙로 76,경상북도 구미시 원평동 1008-1,36.1280647,128.3315127,경상북도 구미시
2024 구미푸드페스티벌,구미 복개천 일원,2024-10-05,2024-10-06 0:00,지역 음식테마 축제,,경상북도 구미시 송정동 501,36.1160379,128.3500337,경상북도 구미시
2024 구미독서문화축제,구미시립중앙도서관 및 형곡근린공원,2024-10-05,2024-10-06 0:00,독서문화콘텐츠 축제,경상북도 구미시 경은로 85,경상북도 구미시 형곡동 142,36.1136102,128.3359928,경상북도 구미시
제5회 新송도해변축제,송도 달빛공원 일원,2024-08-10,2024-08-15 0:00,물놀이 및 인공해변 체험 축제,,인천광역시 연수구 송도동 1,37.3952846,126.6597511,인천광역시 연수구
제12회 연수 능허대 문화축제,송도 달빛축제공원 일원,2024-10-05,2024-10-06 0:00,능허대 소재 체험프로그램+문화공연 등,,인천광역시 연수구 송도동 1,37.3952846,126.6597511,인천광역시 연수구
보수동책방골목문화축제,보수동책방골목 및 문화관,2024-10-19,2024-10-20 0:00,책읽는마을 심포지엄+공연행사+체험 등,부산광역시 중구 흑교로46번길 11,부산광역시 중구 보수동1가 119-6,35.103601,129.026191,부산광역시 중구
버들마편초 축제,퍼플섬,2024-06-14,2024-08-04 0:00,버들마편초 공원 관람,,전라남도 신안군 안좌면 소곡리 799-3,34.717064,126.1167142,전라남도 신안군
섬 크로코스미아 꽃축제,1004섬 분재공원 일원,2024-07-05,2024-07-21 0:00,예술공원+크로코스미아 꽃 관람 및 체험,전라남도 신안군 압해읍 무지개길 330,,34.8437005,126.2519647,전라남도 신안군
원추리축제,홍도,2024-07-12,2024-07-21 0:00,문예공원+원추리꽃 사진촬영대회+자산어보 영화상영,전라남도 신안군 흑산면 홍도1길 21-5,,34.6829798,125.1901312,전라남도 신안군
섬 민어축제,임자도(튤립공원),2024-07-31,2024-08-01 0:00,개막식+민어요리 시식,전라남도 신안군 임자면 대광해수욕장길 179,,35.1025202,126.0715342,전라남도 신안군
섬 왕새우축제,팔금도(장목주차장),2024-09-01,2024-09-10 0:00,"왕새우판매, 왕새우튀김 등 판촉행사",전라남도 신안군 팔금면 원산리 112-1,,34.7884386,126.1263046,전라남도 신안군
섬 불볼락 축제(미정),홍도,2024-09-20,2024-09-21 0:00,선상 낚시체험+불볼락 시식 및 나눔,전라남도 신안군 흑산면 홍도1길 21-5,,34.6829798,125.1901312,전라남도 신안군
섬 새우젓 축제(미정),지도(젓갈타운),2024-10-01,2024-10-02 0:00,개막식+새우젓 요리 시식 및 전시,전라남도 신안군 지도읍 해제지도로 1283-24,,35.0557495,126.2068855,전라남도 신안군
섬 아스타 축제,퍼플섬,2024-10-04,2024-10-13 0:00,개막식+아스타정원 관람,,전라남도 신안군 안좌면 소곡리 799-3,34.717064,126.1167142,전라남도 신안군
섬 맨드라미축제(미정),증도 병풍도,2024-10-01,2024-10-01 0:00,맨드라미 꽃 관람 및 체험+부대시설 운영,,전라남도 신안군 증도면 병풍리 1068-3,34.9685175,126.2087185,전라남도 신안군
애기동백축제,1004섬 분재정원 일원,2024-12-06,2025-01-01 0:00,체험챙사+특산품판매+애기동백꽃관람,전라남도 신안군 압해읍 무지개길 330,,34.8437005,126.2519647,전라남도 신안군
제24회 밀양공연예술축제,밀양아리나,2024-07-19,2024-07-28 0:00,연극축제,경상남도 밀양시 부북면 창밀로 3097-16,,35.5331417,128.7046155,경상남도 밀양시
제15회 밀양대추축제,단장면 체육공원 일원,2024-10-20,2024-10-22 0:00,전시+가요제,경상남도 밀양시 단장면 표충로 868,,35.5237485,128.9104134,경상남도 밀양시
임실N치즈축제,임실치즈테마파크+임실치즈마을,2024-10-03,2024-10-06 0:00,국가대표 왕치즈피자 만들기+우유드림 행복드림 퍼레이드+임실N치즈페어+치즈경매,전북특별자치도 임실군 성수면 도인2길 50,전북특별자치도 임실군 성수면 도인리 689,35.632786,127.301299,한국관광공사
장수한우랑사과랑축제,장수군 의암공원+누리파크 일원,2024-09-05,2024-09-08 0:00,장수한우마당+환영리셉션+토마토속 황금반지를 찾아라+레드콘서트+체험프로그램+공연경영프로그램 등,전북특별자치도 장수군 장수읍 논개사당길 65,전북특별자치도 장수군 장수읍 두산리 981,35.64099,127.5269361,한국관광공사
2024 부평풍물대축제,부평대로+신트리공원 등,2024-09-27,2024-09-29 0:00,전통풍물공연+창작연희공연+퍼레이드+개막 및 폐막 공연+체험행사+경연대회 등,인천광역시 부평구 부평대로 168,인천광역시 부평구 부평동 879,37.506847,126.7219214,인천광역시 부평구
2024년 마곡문화의 거리 버스킹,마곡문화의거리,2024-09-01,2024-11-30 0:00,다양한 공연 및 부대행사,서울특별시 강서구 마곡동로 3길 23,,37.5601462,126.8315797,서울특별시 강서구
강서문화예술페스티벌,강서아트리움,2024-07-12,2024-07-14 0:00,공연+전시 및 체험부스,서울특별시 강서구 가로공원로 195,,37.5375136,126.837574,서울특별시 강서구
오구오구 어린이 버스킹 시즌2,꿈돌이어린이공원+골말어린이공원+필마공원+천사어린이공원+봉제산근린공원태양광장+모태어린이공원+화곡3주구어린이공원1,2024-05-24,2024-07-05 0:00,다양한 공연 및 부대행사,서울특별시 강서구 화곡로 234,,37.5458999,126.8453661,서울특별시 강서구
여름밤 뮤직 콘서트,신정고등학교,2024-08-24,2024-08-24 0:00,다양한 장르의 음악 공연,서울특별시 강서구 허준로5길 42,,37.5677821,126.8526597,서울특별시 강서구
제22회 허준축제,서울식물원 진입광장+초지원,2024-10-12,2024-10-13 0:00,트롯가요제+각종 의료건강 프로그램 운영,서울특별시 강서구 마곡동로 161,,37.5678212,126.8323393,서울특별시 강서구
제2회 마곡 문화의 거리 축제,발산역 1번출구 앞 광장,2024-09-01,2024-12-31 0:00,각종체험부스+경관조명전시+점등식행사,,서울특별시 강서구 마곡동 797-13,37.5597279,126.8365338,서울특별시 강서구
2024년 송년의 밤 특별 콘서트,강서아트리움,2024-12-13,2024-12-13 0:00,음악공연,서울특별시 강서구 가로공원로 195,,37.5375136,126.837574,서울특별시 강서구
여수여자만갯벌노을체험행사,소라면 장척마을 일원,2024-09-01,2024-09-01 0:00,대나무망둥어낚시+개매기+바지락캐기+맨손고기잡이+가족사랑걷기체험+노을가요제,전라남도 여수시 소라면 서부로 785-24,,34.7902124,127.5679551,전라남도 여수시
거문도백도은빛바다체험행사,삼산면 거문도 일원,2024-08-01,2024-08-01 0:00,길놀이+개막식+맨손활어잡기+지인망끌기체험,전라남도 여수시 삼산면 거문길 28-10,전라남도 여수시 삼산면 거문리 111-35,34.0258017,127.311911,전라남도 여수시
여수밤바다 불꽃축제,이순신 광장 및 장군도 앞 해상,2024-10-01,2024-10-01 0:00,공연행사+불꽃쇼+불꽃사진콘테스트,,전라남도 여수시 중앙동 385-6,34.7388878,127.7361586,전라남도 여수시
여수향일암일출제,돌산읍 임포마을 일원,2024-12-31,2025-01-01 0:00,재야의종타종식+일출기원제례+소망행사,전라남도 여수시 향일암로 60 종무소,전라남도 여수시 돌산읍 율림리 산7,34.5927335,127.8035302,전라남도 여수시
여수동동북축제,장소미정,2024-08-01,2024-08-01 0:00,북퍼레이드+아티스트공연+북전시및체험행사+경연대회,전라남도 여수시 소호로 606,전라남도 여수시 학동 201,34.7561219,127.6586248,전라남도 여수시
청년거리문화한마당,문수동 제4공원 등,2024-04-01,2024-12-31 0:00,거리공연+프리마켓 등,전라남도 여수시 시청로 1,전라남도 여수시 학동 100,34.7606062,127.6622306,전라남도 여수시
2024 대전 서구 아트페스티벌,샘머리+보라매공원(서구청앞) 및 서구 일원,2024-10-11,2024-10-13 0:00,도심 속에서 펼쳐지는 빛과 문화예술의 항연,대전광역시 서구 둔산서로 100,대전광역시 서구 둔산동 1544,36.3550703,127.3838086,대전광역시 서구
2024 정조대왕 능행차 공동재현,서울 창덕궁~수원화성~화성 융릉,2024-10-05,2024-10-06 0:00,1795년 정조대왕의 을묘년 원행을 완벽하게 재현하는 국내 최대 퍼레이드,경기도 수원시 팔달구 정조로 825,경기도 수원시 팔달구 남창동 6-2,37.2818334,127.0134453,경기도 수원시
제61회 수원화성문화제,행궁광장 등 수원화성 일원,2024-10-04,2024-10-06 0:00,정조대왕의 효심과 부국강병의 원대한 꿈으로 축성된 세계문화유산 수원화성에서 펼쳐지는 3일간의 행사,경기도 수원시 팔달구 정조로 825,경기도 수원시 팔달구 남창동 6-2,37.2818334,127.0134453,경기도 수원시
2024 수원화성 미디어아트,화서문+장안문+장안공원 일대,2024-09-28,2024-10-20 0:00,수원화성 대표 건축물에 프로젝션 맵핑/인터렉티브 미디어아트/레이저 등 디지털 미디어 기술을 활용한 미디어아트쇼,경기도 수원시 팔달구 정조로 825,경기도 수원시 팔달구 남창동 6-2,37.2818334,127.0134453,경기도 수원시
정선아리랑제,정선 공설운동장,2024-10-02,2024-10-05 0:00,아리랑 경창대회+아리랑 퍼레이드+전통문화 체험전+소비자 참여 프로그램 등,강원특별자치도 정선군 정선읍 애산로 51,강원특별자치도 정선군 정선읍 애산리 560,37.375425,128.6714868,한국관광공사
진안홍삼축제,마이산 북부일원,2024-10-03,2024-10-06 0:00,홍삼제품만들기 체험+홍삼랜드 스탬프투어+홍삼판매+문화공연 등,전북특별자치도 진안군 진안읍 마이산로 160,전북특별자치도 진안군 진안읍 단양리 778-3,35.773176,127.4161625,한국관광공사
천안흥타령축제,천안종합운동장+천안시 일원,2024-09-25,2024-09-29 0:00,춤경연대회(전국춤경연대회+국제춤 대회+거리퍼레이드 등)+전시홍보 부스운영(중소기업제품판매+천안 농산물 홍보 및 체험한마당 등)+부대체험행사,충청남도 천안시 서북구 번영로 208,충청남도 천안시 서북구 백석동 251 종합운동장,36.8190769,127.1148783,한국관광공사
추억의 충장축제,광주광역시 동구 충장로,2024-10-02,2024-10-06 0:00,충장 월드 퍼레이드+추억의 테마거리+추억 재현 프로젝트+맛의 추억 탐험대 등,광주광역시 동구 서남로 1(서석동),광주광역시 동구 서석동 31,35.1458908,126.9230497,한국관광공사
청송사과축제,청송읍 용전천 변(현비암 일원),2024-10-30,2024-11-03 0:00,공연+경연+체험+전시+판매,,경상북도 청송군 청송읍 월막리 368-2,36.4327062,129.0554818,경상북도 청송군
제14회 진안고원 수박축제,동향면 체련공원 일원,2024-07-27,2024-07-28 0:00,수박왕 선발대회+수박판매 등,전북특별자치도 진안군 동향면 진성로 1687,전북특별자치도 진안군 동향면 능금리 2198-2,35.8416503,127.5748685,전북특별자치도 진안군
2024 진안홍삼축제,마이산 북부일원,2024-10-03,2024-10-06 0:00,"홍삼, 수삼판매+홍삼관련체험+문화공연 등",전북특별자치도 진안군 진안읍 마이산로 160,전북특별자치도 진안군 진안읍 단양리 778,35.773176,127.4161625,전북특별자치도 진안군
제6회 진안고원 김치보쌈축제,진안고원시장,2024-11-16,2024-11-17 0:00,우리집 김치담그기+사랑의 김장나눔 등,전북특별자치도 진안군 진안읍 시장길 8-17,전북특별자치도 진안군 진안읍 군상리 406-8,35.7926305,127.4286658,전북특별자치도 진안군
2024 나주 영산강 축제,영산강 정원(강변 저류지 일원),2024-10-09,2024-10-13 0:00,영산강을 주제로 한 대표축제,,전라남도 나주시 영산동 756-1,35.0008098,126.723473,전라남도 나주시
천년나주목읍성문화축제,금성관 + 나주향교 + 서성문,2024-09-27,2024-09-29 0:00,나주의 읍성문화를 이용한 역사 문화 축제,전라남도 나주시 금성관길 8,전라남도 나주시 과원동 109-5,35.0330922,126.7167028,전라남도 나주시
제27회 무안연꽃축제,회산백련지 일원,2024-07-25,2024-07-28 0:00,연꽃 힐링 및 체험프로그램+먹거리 운영 등,전라남도 무안군 일로읍 백련로 333,전라남도 무안군 일로읍 복룡리 150,34.8602563,126.5299832,전라남도 무안군
아트밸리 아산 제2회 국제민족무용축제,신정호야외음악당,2024-09-21,2024-09-22 0:00,국내외 무용단의 민족무용축제,충청남도 아산시 신정로 616,충청남도 아산시 방축동 5,36.7723732,126.9848468,충청남도 아산시
설화예술제,곡교천 은행나무길 일원,2024-10-04,2024-10-06 0:00,지역예술인의 공연+전시 등,충청남도 아산시 은행나무길 293,충청남도 아산시 염치읍 송곡리 72-13,36.8004157,127.0189332,충청남도 아산시
아트밸리 아산 제2회 JAZZ 페스티벌 with 자라섬,신정호야외음악당,2024-10-18,2024-10-20 0:00,자연에서 즐기는 재즈 아티스트 공연,충청남도 아산시 신정로 616,충청남도 아산시 방축동 5,36.7723732,126.9848468,충청남도 아산시
아트밸리 아산 제6회 전국주부가요제,신정호야외음악당,2024-10-26,2024-10-26 0:00,전국 주부 대상 가요제,충청남도 아산시 신정로 616,충청남도 아산시 방축동 5,36.7723732,126.9848468,충청남도 아산시
아트밸리 아산 제2회 외국인 K-트롯 가요제,신정호야외음악당,2024-10-27,2024-10-27 0:00,전국 외국인 가요제 실시,충청남도 아산시 신정로 616,충청남도 아산시 방축동 5,36.7723732,126.9848468,충청남도 아산시
제3회 아트밸리 아산 오페라 갈라콘서트,경찰인재개발원 차일혁홀,2024-12-28,2024-12-28 0:00,오페라 갈라콘서트,충청남도 아산시 무궁화로 111,충청남도 아산시 초사동 407,36.7434217,126.9888255,충청남도 아산시
의령 리치리치 페스티벌,서동생활공원,2024-10-25,2024-10-27 0:00,개막식+메인프로그램+상설프로그램등,경상남도 의령군 의령읍 의병로8길 44,경상남도 의령군 의령읍 서동리 543,35.3164608,128.2550151,경상남도 의령군
의령 신번문화축제,우륵문화마당,2024-09-06,2024-09-08 0:00,"천년을 이어온 한지의 본고장이자 악성 우륵과 가야금의 탄생지인 부림면(옛 성열현)에서 의령의 대표적인 전통문화인 한지와 가야금을 주제로 체험, 전시, 공연 등 다양한 문화행사와 함께 전국가야금경연대회가 개최되는 세대공감형 축제",경상남도 의령군 의령읍 충익로63,경상남도 의령군 부림면 신반리 398,35.3220689,128.2616375,경상남도 의령군
한 여름밤의 음악회(2024 의령사랑 Summer Festival),서동생활공원 다목적운동장,2024-08-24,2024-08-24 0:00,"첼로, 합창, 색소포, 오보에, 성악앙상블 등 악기연주 및 노래",경상남도 의령군 의령읍 의병로8길 44,경상남도 의령군 의령읍 서동리 543,35.3164608,128.2550151,경상남도 의령군
강남아트X2023 서울아트쇼,코엑스,2024-05-10,2024-12-26 0:00,작품전시 아트페어+홍보부스 및 이벤트 운영+갤러리 스탬프투어,서울특별시 강남구 영동대로 513 등,,37.5125207,127.0588194,서울특별시 강남구
황룡강 가을꽃축제,황룡강변 일원,2024-10-05,2024-10-13 0:00,공연+체험+판매행사 등,,전라남도 장성군 장성읍 기산리 461-1,35.3040131,126.7758527,전라남도 장성군
서삼면 축령산 편백숲자락축제,축령산 일대,2024-10-05,2024-10-06 0:00,공연+체험+전시,,전라남도 장성군 서삼면 모암리 686-29,35.3707658,126.7473853,전라남도 장성군
북이면 삼남대로 거리예술한마당,북이면 사거리 전통시장 일대,2024-10-26,2024-10-27 0:00,공연+체험+전시,,전라남도 장성군 북이면 사거리 697-2,35.4274527,126.8069651,전라남도 장성군
무주반딧불축제,무주등나무운동장 일원,2024-08-31,2024-09-08 0:00,반딜불이신비탐사+1박2일 생태체험+야간낙화 뗏목체험+반딧불 동요제+반디별 소풍 등,전북특별자치도 무주군 무주읍 한풍루로 326-14,전북특별자치도 무주군 무주읍 당산리 1118 등나무운동장,36.0026305,127.6614881,한국관광공사
보령머드축제,충청남도 보령시 대천해수욕장 일원,2024-07-19,2024-08-04 0:00,머드 체험프로그램+머드 공연+머드챌린지+전시판매 프로그램,충청남도 보령시 해수욕장10길 5,충청남도 보령시 신흑동 2269-1,36.3147842,126.5109611,한국관광공사
부산국제록페스티벌,삼락생태공원,2024-10-04,2024-10-06 0:00,국내·외 아티스트 콘서트,,부산광역시 사상구 삼락동 29-46,35.169133,128.9731881,한국관광공사
부평풍물대축제,신트리공원 등,2024-09-27,2024-09-29 0:00,기원제+전통풍물공연+부평만만세 퍼레이드+전통문화체험+민속놀이체험 등,인천광역시 부평구 신트리로 21,인천광역시 부평구 부평동 880,37.5065232,126.7242567,한국관광공사
제19회 광릉숲축제,남양주시 광릉숲 일원,2024-09-28,2024-09-29 0:00,광릉숲길 걷기+숲속공연+환경경 체험프로그램 운영 등,경기도 남양주시 진접읍 봉선사길 32,경기도 남양주시 진접읍 부평리 255번지,37.7471009,127.1840046,경기도 남양주시
제38회 정약용문화제,남양주시 정약용유적지 일원,2024-10-11,2024-10-12 0:00,정약용 선생의 정신을 기리는 역사문화축제,경기도 남양주시 조안면 다산로747번길 11,경기도 남양주시 조안면 능내리 95-3,37.5165495,127.2991672,경기도 남양주시
아트밸리 아산 제6회 전국주부가요제,신정호야외음악당,2024-10-26,2024-10-26 0:00,전국주부가요제 개최,충청남도 아산시 신정로 616,충청남도 아산시 방축동 5,36.7723732,126.9848468,충청남도 아산시
아트밸리 아산 제2회 외국인 K-트롯 가요제,신정호야외음악당,2024-10-27,2024-10-27 0:00,아산시의 많은 다문화가정과 외국인들의 화합의 장 마련,충청남도 아산시 신정로 616,충청남도 아산시 방축동 5,36.7723732,126.9848468,충청남도 아산시
제16회 대통령배 아마추어 e스포츠 대회,이순신종합운동장 빙상장체육관,2024-08-17,2024-08-18 0:00,개폐회식+본선 대회 운영+문화예술 공연+부대행사 등,충청남도 아산시 남부로 370-42,충청남도 아산시 풍기동 114-3,36.769525,127.0244626,충청남도 아산시
아트밸리 아산 영화제,신정호 야외음악당+관내 영화관 2개소,2024-10-12,2024-10-13 0:00,개폐막식+영화 상영+문화예술 공연+부대행사 등,충청남도 아산시 신정로 616,충청남도 아산시 방축동 5,36.7723732,126.9848468,충청남도 아산시
아트밸리 아산 락 페스티벌,신정호야외음악당+수영장,2024-08-16,2024-08-18 0:00,지역 락밴드 및 전문 락밴드 공연 등,충청남도 아산시 신정로 616,충청남도 아산시 방축동 5,36.7723732,126.9848468,충청남도 아산시
아트밸리 아산 별빛음악제,신정호야외음악당,2024-08-14,2024-08-15 0:00,지역예술인 및 초청가수 공연 등,충청남도 아산시 신정로 616,충청남도 아산시 방축동 5,36.7723732,126.9848468,충청남도 아산시
창평전통음식문화축제,창평슬로시티 일원,2024-10-01,2024-10-30 0:00,슬로푸드전시+체험+판매 등,전라남도 담양군 창평면 돌담길 56-24,전라남도 담양군 창평면 창평리 113-1,35.2350094,127.0177123,전라남도 담양군
수려한합천영화제,합천영상테마파크 + 합천군일원,2024-10-18,2024-10-20 0:00,합천영상테마파크를 중심으로 영화인과 관객이 어우러지는 영화문화축제,경상남도 합천군 용주면 합천호수로 757,,35.5490318,128.0728897,경상남도 합천군
대야문화제,합천군민공설운동장 일원,2024-09-10,2024-09-13 0:00,합천군 역사와 전통의 지역축제,경상남도 합천군 합천읍 장수로 1-1,,35.5624678,128.1520178,경상남도 합천군
파주포크페스티벌,임진각 평화누리 야외공연장,2024-09-21,2024-09-21 0:00,공연+부스체험프로그램+홍보부스 등,경기도 파주시 문산읍 통일로 1997-1,경기도 파주시 문산읍 운천리 69-26,37.8785264,126.7732856,경기도 파주시
2024년 제6회 운정호수공원불꽃축제,운정호수공원,2024-09-28,2024-09-28 0:00,불꽃쇼+빛 조형물 전시+문화공연 등,경기도 파주시 경의로 1151,경기도 파주시 와동동 1412,37.7199248,126.7553101,경기도 파주시
제34회 율곡문화제,파주이이유적지,2024-10-12,2024-10-13 0:00,추향제+방방례+유가행렬 등,경기도 파주시 법원읍 자운서원로 204,경기도 파주시 법원읍 동문리 39,37.8644088,126.8706031,경기도 파주시
2024 파주북소리 축제,아시아출판문화정보센터 등 출판도시 일원,2024-09-06,2024-09-08 0:00,강연/공연+전시·부스·체험 프로그램+동네책방 마을잔치+오픈하우스 등,경기도 파주시 회동길 145,경기도 파주시 문발동 524-3,37.7082715,126.6866938,경기도 파주시
파주 페어 북앤컬처,아시아출판문화정보센터 등 출판도시 일원,2024-09-06,2024-09-08 0:00,뮤지컬+연극+프린지공연+낭독공연+버스킹 등,경기도 파주시 회동길 145,경기도 파주시 문발동 524-3,37.7082715,126.6866938,경기도 파주시
제16회 DMZ국제다큐멘터리영화제,임진각 평화누리 야외공연장,2024-09-26,2024-10-02 0:00,다큐멘터리 상영 및 시상+포럼+다큐강연 등,경기도 파주시 문산읍 임진각로 177,경기도 파주시 문산읍 사목리 494-1,37.8893655,126.7400828,경기도 파주시
2024 헤이리 판 페스티벌,헤이리예술마을 일대,2024-10-05,2024-10-13 0:00,공연+전시+체험프로그램+직거래장터 등,경기도 파주시 탄현면 헤이리마을길 70-21,경기도 파주시 탄현면 법흥리 1652-239,37.7883596,126.6995492,경기도 파주시
제28회 파주장단콩축제,임진각 광장,2024-11-22,2024-11-24 0:00,파주장단콩 전시 및 판매+농특산물 홍보 및 판매+각종 공연 및 체험행사 등,경기도 파주시 문산읍 임진각로 177,경기도 파주시 문산읍 마정리 1325-1,37.8893655,126.7400828,경기도 파주시
함양연암문화제,안의면 오리숲일원,2024-08-23,2024-08-24 0:00,학술대회+연암역사 퀴즈대회+연암 부임행차+연암제례+축하공연+군민노래자랑,,경상남도 함양군 안의면 금천리 241,35.6312767,127.8120982,경상남도 함양군
제19회 함양산삼축제,상림공원,2024-10-03,2024-10-09 0:00,황금산삼을찾아라+산삼캐기체험+심마니의 여정+심마니역사문화체험+산막페스티벌+산양삼및농특산물판매+밤소풍+달빛음악회+힐링산삼숲체험,경상남도 함양군 함양읍 대맛길 107-1,경상남도 함양군 함양읍 교산리 1043-6,35.5276366,127.7210087,경상남도 함양군
2024 고양호수예술축제,일산호수공원+일산문화광장,2024-10-11,2024-10-13 0:00,국내외 거리예술공연 및 시민참여프로그램,경기도 고양시 일산동구 호수로 595,경기도 고양시 일산동구 장항동 906,37.6578901,126.7635211,경기도 고양시
글로벌바베큐페스티벌,홍주읍성,2024-11-01,2024-11-03 0:00,한우바비큐 관련 체험 및 판매,충청남도 홍성군 홍성읍 아문길 27,충청남도 홍성군 홍성읍 오관리 98,36.6011775,126.6605015,충청남도 홍성군
홍성남당항 대하축제,남당항 해양분수공원,2024-09-28,2024-09-28 0:00,맨손대하잡이 체험 등 공연 및 행사,충청남도 홍성군 서부면 남당항로213번길 25-62,충청남도 홍성군 서부면 남당리 863,36.5350512,126.4671983,충청남도 홍성군
광천김토굴새우젓 대축제,광천전통시장 일원,2024-10-12,2024-10-12 0:00,새우젓 시식 등 공연 및 행사,충청남도 홍성군 광천읍 광천로315번길 19,충청남도 홍성군 광천읍 광천리 195-18,36.5016767,126.6252168,충청남도 홍성군
홍성사랑국화축제,남당항 해양분수공원 일원,2024-10-22,2024-10-27 0:00,국화조형물 전시 및 직거래 판매장 설치,충청남도 홍성군 서부면+P7 남당항로213번길 25-62,충청남도 홍성군 서부면 남당리 863,36.5350512,126.4671983,충청남도 홍성군
울산고래축제,고래문화특구,2024-09-26,2024-09-29 0:00,고래테마 체험+공연+행사 등,울산광역시 남구 장생포고래로 244,울산광역시 남구 매암동 139-29,35.5027252,129.3823488,울산광역시 남구
정선아리랑제,강원특별자치도 정선군 정선읍 아라리공원,2024-10-02,2024-10-05 0:00,강원특별자치도 무형문화재 제1호인 정선아리랑의 전승보존 및 계승,강원특별자치도 정선군 정선읍 봉양3길 17,강원특별자치도 정선군 정선읍 봉양리 253-1,37.3802764,128.6602798,강원특별자치도 정선군
생거진천문화축제,백곡천 둔치 일원,2024-10-04,2024-10-06 0:00,문화예술공연,충청북도 진천군 진천읍 백사천길 17,충청북도 진천군 진천읍 읍내리 209-9,36.8615272,127.442001,충청북도 진천군
양록제,양구종합운동장 일원,2024-10-10,2024-10-12 0:00,"문화예술단체 공연 및 전시행사, 민속, 체육경기 운영",,강원특별자치도 양구군 양구읍 하리 96-1,38.1093568,127.9863202,강원특별자치도 양구군
양구배꼽축제,레포츠공원 일원,2024-08-30,2024-09-01 0:00,"퍼포먼스, 퍼레이드 등 문화예술 프로그램 운영",,강원특별자치도 양구군 양구읍 상리 394-21,38.104348,127.9829795,강원특별자치도 양구군
2024 인천개항장 문화유산 야행(2차),개항장 문화지구,2024-10-19,2024-10-20 0:00,문화유산 야간 무료개방+도보탐방+근대문화체험+야관경관조성,인천광역시 중구 신포로27번길 80,,37.4735647,126.6217779,인천광역시 중구
영종국제도시 세계전통음식축제,영종 씨사이드 파크 하늘구름광장 일대,2024-09-28,2024-09-29 0:00,컬러풀 퍼레이드+시네마콘서트+가을음악회+세계전통공연+지역예술인 공연,인천광역시 중구 제물량로232번길 46,,37.4750752,126.6220162,인천광역시 중구
진주남강유등축제,진주성+진주남강일원,2024-10-05,2024-10-20 0:00,초혼점등+소망등 달기+추억의 유등띄우기+창작등 만들기+한국등 및 세계뭉풀등 전시+불꽃놀이+항공미디어아트 드론라이트 쇼+체험행사 및 부대행사,경상남도 진주시 남강로 626,경상남도 진주시 본성동 415,35.1899492,128.0809347,경상남도 진주시
개천예술제,진주성 일원+진주남강일원+칠암동 남강둔치 일원,2024-10-10,2024-10-20 0:00,서제+개제식+가장행렬+예술경연+각종전시+종야축제+예술문화행사+진주대첩 승전기념행사 등,경상남도 진주시 남강로 626,경상남도 진주시 본성동 415,35.1899492,128.0809347,경상남도 진주시
코리아드라마페스티벌,경남문화예술회관+장대동 남강둔치 일원,2024-10-11,2024-10-20 0:00,코리아드라마어워즈+ KDF콘서트+ KDF초대석+ 부대행사 등,,경상남도 진주시 장대동 356-17,35.1904047,128.0876959,경상남도 진주시
진주 M2(뮤직&미디어)페스티벌,진주시 망경동 남강둔치(중앙광장 아래),2024-08-09,2024-08-10 0:00,"수상무대공연(대학동아리팀, 관내 예술인 및 초청가수공연)+ 물총놀이+푸드존 등 부대행사",경상남도 진주시 강남로 320 아래 둔치,경상남도 진주시 망경동 110-1 아래 둔치,35.1871912,128.0820912,경상남도 진주시
진주국제농식품박람회,진주종합경기장,2024-11-06,2024-11-10 0:00,테마별 전시관+목장체험+농업실내체험+해외문화 특별전시+해회시장판로개척 수출상담회+토종농산물종자전시회 등 부대행사,경상남도 진주시 동진로 415,경상남도 진주시 충무공동 8,35.1828367,128.1355786,경상남도 진주시
안심창조밸리 연꽃마을 축제,안심창조밸리 일원,2024-07-20,2024-07-21 0:00,연꽃길 힐링걷기대회+관련 문화행사,,대구광역시 동구 괴전동 401-2,35.8695226,128.7353079,대구광역시 동구
팔공산 왕건축제,동화천 생태하천 둔치,2024-09-01,2024-09-01 0:00,왕건관련 체험프로그램+동화천 걷기대회행사+무대행사,,대구광역시 동구 지묘동 1220-19,35.9426762,128.6427008,대구광역시 동구
용암산성 옥샘문화재,불로천 다목적광장,2024-09-01,2024-09-01 0:00,제례행사+사생대회+끼페스티벌+문화행사,대구광역시 동구 팔공로24길 171,,35.910042,128.6499725,대구광역시 동구
팔공산 단풍축제,팔공산 갓바위지구 일원,2024-10-26,2024-10-27 0:00,무대공연+단풍길 걷기대회+단풍가요제,대구광역시 동구 갓바위로 259,,35.9719818,128.7274975,대구광역시 동구
하남뮤직페스티벌,하남종합운동장,2024-09-07,2024-09-07 0:00,음악공연,경기도 하남시 아리수로 600,,37.5668119,127.1938404,경기도 하남시
갈산 옹기 축제,갈산면 갈산토기+성촌토기 일원,2024-10-31,2024-10-31 0:00,"갈산 옹기 테마 공연, 체험, 기타 프로그램 운영",충청남도 홍성군 갈산면 갈산서길475번길 128,충청남도 홍성군 갈산면 동성리 110-19,36.6366253,126.5190171,충청남도 홍성군
홍성군 가족축제,홍주읍성,2024-10-12,2024-10-12 0:00,다양한 가족프로그램 체험 및 부스운영,충청남도 홍성군 홍성읍 아문길 27,충청남도 홍성군 홍성읍 오관리 98,36.6011775,126.6605015,충청남도 홍성군
구항한우축제,구항면 일원,2024-09-01,2024-09-01 0:00,"벚꽃 테마 행사 운영, 구항한우 판매 및 무료시식회 등",충청남도 홍성군 구항면 구항길 109,충청남도 홍성군 구항면 오봉리 735-1,36.5876989,126.6108662,충청남도 홍성군
제11회 낙동강 구포나루 축제,화명생태공원 연꽃단지 일원,2024-10-11,2024-10-13 0:00,개막식+체험+공연+전시등,부산광역시 북구 낙동대로1570번길 33(구포동),부산광역시 북구 구포동 1124-1,35.197122,128.9901437,부산광역시 북구
자라섬 꽃 페스타,자라섬 남도,2024-09-14,2024-10-27 0:00,꽃 정원+공연+체험프로그램+농특산물 판매부스 운영,경기도 가평군 가평읍 자라섬로 60,경기도 가평군 가평읍 대곡리 27-14,37.8209889,127.5209023,경기도 가평군
KT VOYAGE TO JARASUM,자라섬 중도,2024-08-31,2024-09-01 0:00,뮤직 페스티벌,경기도 가평군 가평읍 자라섬로 60,경기도 가평군 가평읍 대곡리 27-14,37.8209889,127.5209023,경기도 가평군
2024 이슬라이브 페스티벌,자라섬 중도,2024-09-07,2024-09-07 0:00,뮤직 페스티벌,경기도 가평군 가평읍 자라섬로 60,경기도 가평군 가평읍 대곡리 27-14,37.8209889,127.5209023,경기도 가평군
제21회 자라섬 재즈페스티벌,자라섬 중도,2024-10-18,2024-10-20 0:00,재즈페스티벌,경기도 가평군 가평읍 자라섬로 60,경기도 가평군 가평읍 대곡리 27-14,37.8209889,127.5209023,경기도 가평군
평창송어축제,진부면 오대천일원,2024-12-27,2025-02-02 0:00,얼음낚시+텐트낚시+어린이낚시터+황금송어맨손잡기+얼음광장체험놀이 등,강원특별자치도 평창군 진부면 경강로 3562,강원특별자치도 평창군 진부면 하진부리 325,37.6332028,128.5569331,한국관광공사
평창효석문화제,효석문화마을 일원,2024-09-06,2024-09-15 0:00,메밀음식체험+전통민속놀이+감성마당+문화마당+자연마당,,강원특별자치도 평창군 봉평면 원길리 765-5,37.6131983,128.3710862,한국관광공사
2024 관악강감찬축제,낙성대공원+별빛내린천,2024-10-11,2024-10-13 0:00,고려 명장 강감찬 장군의 호국정신을 기리고자 개최되는 서울의 대표적인 역사문화축제이자 관악구민이 함께 만들고 즐기는 축제,서울특별시 관악구 낙성대로 77,서울특별시 관악구 봉천동 738-329,37.4711594,126.9601859,서울특별시 관악구
대한민국연극제 용인,용인포은아트홀+용인문예회관마루홀,2024-06-28,2024-07-23 0:00,대한민국 연극제,경기도 용인시 수지구 포은대로 499,경기도 용인시 수지구 죽전동 1003-43,37.3287543,127.1058274,경기도 용인시
찰옥수수축제,홍천 종합운동장 주차장,2024-07-19,2024-07-21 0:00,축제,강원특별자치도 홍천군 홍천읍 산림공원1길 29,,37.6903638,127.8939432,강원특별자치도 홍천군
맥주축제,도시산림공원 토리숲,2024-07-31,2024-08-04 0:00,축제,강원특별자치도 홍천군 홍천읍 산림공원1길 29,,37.6903638,127.8939432,강원특별자치도 홍천군
영도다리축제,아미르공원+영도일원+영도다리축제유튜브채널,2024-10-12,2024-10-13 0:00,개막주제공연+축하공연+불꽃쇼+퍼레이드+체험행사 등,부산광역시 영도구 해양로 301번길 55,부산광역시 영도구 동삼동 1165,35.0767387,129.079045,부산광역시 영도구
금호강 바람소리길축제,산격대교 하단,2024-09-28,2024-09-29 0:00,드론아트쇼+불꽃놀이+공연+전시+체험 등,,대구광역시 북구 산격동 1477-1,35.9087206,128.6015099,대구광역시 북구
2024 대구할로윈축제,안지랑곱창골목,2024-10-01,2024-10-30 0:00,"할로윈 퍼레이드, 할로윈 코스튬콘테스트 등",대구광역시 남구 이천로 51(봉덕동),,35.8458337,128.5977449,대구광역시
2024 금호강 바람소리길 축제,금호강 산격대교 하단,2024-09-01,2024-10-30 0:00,"금호강 스토리텔링 공연,수상프로그램 등",대구광역시 북구 옥산로 65(침산동),,35.8852292,128.5830577,대구광역시
수성못페스티벌,수성못,2024-09-22,2024-09-24 0:00,"주제공연, 수상음악회, 청소년오케스트라, 퓨전국악콘서트, 들안길 푸드페스티벌",대구광역시 수성구 달구벌대로 2450(범어동),,35.8583599,128.6305558,대구광역시
희망달서 대축제,달서아트센터 일원,2024-10-01,2024-10-30 0:00,"구민화합퍼포먼스, 플리마켓, 버스킹, 먹거리 등",대구광역시 달서구 학산로 45(월성동),,35.8297076,128.5329629,대구광역시
2024 yes 키즈존,"강정보 디아크 광장, 국립대구과학관",2024-05-01,2024-10-30 0:00,"어린이, 가족단위 대상 참여형 종합문화예술 프로그램",대구광역시 달성군 논공읍 달성군청로 33,,35.7749056,128.4310788,대구광역시
부산바다축제,다대포해수욕장,2024-07-26,2024-07-28 0:00,공연행사+불꽃쇼+체험행사 등,부산광역시 사하구 몰운대1길 14,부산광역시 사하구 다대동 482-3,35.0469576,128.9677698,부산광역시
부산국제록페스티벌,삼락생태공원,2024-10-04,2024-10-06 0:00,국내외 유명밴드 스테이지 공연 등,부산광역시 사상구 낙동대로 1231,부산광역시 사상구 삼락동 617-3,35.1591498,128.9754907,부산광역시
부산불꽃축제,광안리해수욕장 등,2024-11-09,2024-11-09 0:00,불꽃 토크쇼+부산멀티불꽃쇼 등,부산광역시 수영구 광안해변로 219,부산광역시 수영구 광안동 192-16,35.1537703,129.1184881,부산광역시
부산시민의종 타종식,용두산공원,2024-12-31,2025-01-01 0:00,시민의종 타종+문화공연,부산광역시 중구 용두산길 37-55(광복동2가),부산광역시 중구 동광동2가 17-6,35.1006679,129.0324484,부산광역시
천안흥타령춤축제,천안종합운동장 일원,2024-09-25,2024-09-29 0:00,춤경연대회(전국춤경연대회+국제춤 대회+거리퍼레이드 등)+전시홍보 부스운영(중소기업제품판매+천안 농산물 홍보 및 체험한마당 등)+부대체험행사,충청남도 천안시 서북구 번영로 208,,36.8190769,127.1148783,충청남도 천안시
포은문화제,정몽주 묘역,2024-10-05,2024-10-06 0:00,추모선양사업+경연대회+어린이 포은스쿨+체험전시+기념식+공연 등,경기도 용인시 처인구 중부대로 1199,경기도 용인시 처인구 삼가동 556,37.2408414,127.1775117,경기도 용인시
용인시민의 날 연계 축제 행사,용인미르스타디움,2024-09-28,2024-09-29 0:00,용인시민의 날 기념 연계 축제 행사,경기도 용인시 처인구 동백죽전대로 61,경기도 용인시 처인구 삼가동 28-6,37.250205,127.1655915,경기도 용인시
거제 바다로 세계로,지세포항수변공원 등,2024-07-01,2024-07-31 0:00,해양스포츠대회+체험프로그램+블루썸머콘서트 등,경상남도 거제시 일운면 거제대로 2056,경상남도 거제시 일운면 구조라리 502,34.8092072,128.690143,경상남도 거제시
거제맥주축제,장승포 수변공원,2024-08-01,2024-08-31 0:00,맥주 무제한 제공+무대공연+먹거리 체험 부스 등,경상남도 거제시 장승로 146-12,경상남도 거제시 장승포동 685-3,34.8672133,128.7267453,경상남도 거제시
거제둔덕포도축제,둔덕가족생활체육공원,2024-09-07,2024-09-08 0:00,"포도판매+포도 경매, 체험+공연 등",경상남도 거제시 둔덕면 청마로 159,경상남도 거제시 둔덕면 거림리 363-2,34.852601,128.5109397,경상남도 거제시
거제 섬꽃축제,거제시 농업개발원,2024-10-26,2024-11-03 0:00,가을꽃 전시+농업기술 홍보+문화예술 전시 등,경상남도 거제시 거제면 거제남서로 3577,경상남도 거제시 거제면 서정리 978-14,34.8558349,128.5780526,경상남도 거제시
거제대구수산물축제,장목면 외포항 일원,2024-12-01,2024-12-31 0:00,무대공연+대구직거래 장터+대구 떡국 나누기+맨손활어잡기+수산물 홍보 판촉전 등,,경상남도 거제시 장목면 외포리 57-46,34.9409074,128.7192167,경상남도 거제시
거제도국제펭귄수영축제,덕포해수욕장,2024-12-01,2024-12-31 0:00,펭귄수영+맨손 광어잡이 등,,경상남도 거제시 덕포동 364-4,34.890058,128.6931316,경상남도 거제시
거제송년불꽃축제,장승포항 수변공원,2024-12-31,2024-12-31 0:00,식전공연+개회식+불꽃연출+식후공연+부대행사 등,경상남도 거제시 장승로 146-12,경상남도 거제시 장승포동 685-3,34.8672133,128.7267453,경상남도 거제시
합천바캉스축제,정양레포츠공원,2024-08-01,2024-08-05 0:00,전국에서 가장 HOT한 합천에서 가족과 함께하는 바캉스,,경상남도 합천군 대양면 정양리 613-2,35.5570066,128.1666359,경상남도 합천군
합천황토한우축제,합천군민체육공원,2024-10-11,2024-10-13 0:00,합천의 자랑인 황토한우의 맛과 품격을 알리는 축제,,경상남도 합천군 합천읍 합천리 896-15,35.5601513,128.1599857,경상남도 합천군
황매산 억새축제,황매산군립공원,2024-10-15,2024-10-30 0:00,황매산 억새를 즐기는 축제,경상남도 합천군 가회면 황매산공원길 4,,35.481869,128.0034777,경상남도 합천군
합천기록문화축제,대장경테마파크,2024-10-24,2024-10-28 0:00,전시 및 공연 등 기록문화를 느낄 수 있는 축제,경상남도 합천군 가야면 가야산로 1160,,35.7678472,128.134911,경상남도 합천군
2024 국제한지산업대전,한국전통문화전당 외(변동 가능),2024-10-09,2024-10-13 0:00,"우리 종이 한지의 우수성을 알리고, 한지를 체험하고 소통하며 공감하는 문화의 장",전북특별자치도 전주시 완산구 현무1길 20,전북특별자치도 전주시 완산구 경원동3가 14-2,35.8210114,127.1485861,전북특별자치도 전주시
제8회 전포커피축제,놀이마루,2024-10-12,2024-10-13 0:00,"테마별 커피, 디저트부스, 체험프로그램, 공연이벤트 전시 등",부산광역시 부산진구 동천로 92(전포동),부산광역시 부산진구 전포동 668-1,35.1570449,129.0631341,부산광역시 부산진구
소가야문화제,송학동고분군 일원,2024-10-04,2024-10-06 0:00,소가야 전통문화 관련 참여+전시+공연,경상남도 고성군 고성읍 송학로113번길 50,경상남도 고성군 고성읍 송학리 475-1,34.9794626,128.3207101,경상남도 고성군
만드리풍년제,송학초등학교 운동장,2024-08-29,2024-08-29 0:00,공식행사+들노래재현+문화예술공연+전통문화체험부스,광주광역시 서구 눌재로 408,광주광역시 서구 세하동 532,35.1135236,126.830537,광주광역시 서구
광주서창억새축제,영산강(극락교~서창교 3.5km)일원,2024-10-17,2024-10-20 0:00,공식행사+걷기행사+생태환경콘서트+억새생태포토존+체험행사 등,광주광역시 서구 서창둑길 377,광주광역시 서구 벽진동 505-1,35.1384266,126.8287618,광주광역시 서구
오(oh) 해피 산타 마켓,오산역광장+원동구도심상가,2024-11-22,2024-12-25 0:00,마켓운영+경관조명,경기도 오산시 원동로37번길 37-1,경기도 오산시 원동 794,37.1453702,127.0702336,경기도 오산시
2024 곤충 & 서머쿨 페스티벌,한천체육공원 일원,2024-08-15,2024-08-18 0:00,각종 공연 및 체험프로그램 등,,경상북도 예천군 예천읍 남본리 310-1,36.6512457,128.4511228,경상북도 예천군
2024 삼강주막나루터축제,삼강문화단지 일원,2024-09-15,2024-09-17 0:00,각종 공연 및 체험프로그램 등,경상북도 예천군 풍양면 삼강리길 33,경상북도 예천군 풍양면 삼강리 117-2,36.5634554,128.2995878,경상북도 예천군
2024 문화유산야행,금당실전통마을 일원,2024-10-03,2024-10-06 0:00,각종 공연 및 체험프로그램 등,경상북도 예천군 용문면 금당실길 52-16,경상북도 예천군 용문면 상금곡리 437,36.6911679,128.4115792,경상북도 예천군
충주 우륵문화제,탄금공원,2024-10-02,2024-10-06 0:00,문화행사+전통체험행사,충청북도 충주시 중앙로 128,충청북도 충주시 성내동 215,36.970659,127.9371825,충청북도 충주시
광양전어축제,망덕포구 일원,2024-08-23,2024-08-25 0:00,공연+경연+체험+전시+판매+부대행사,전라남도 광양시 진월면 망덕길 265,전라남도 광양시 진월면 망덕리 12-1,34.9716282,127.7588121,전라남도 광양시
광양전통숯불구이축제,서천변 일원,2024-10-07,2024-10-09 0:00,공연+경연+체험+전시+판매+부대행사,전라남도 광양시 광양읍 남등길 6,전라남도 광양시 광양읍 칠성리 946,34.9732608,127.5809973,전라남도 광양시
광양k-pop 슈퍼 페스티벌,광양시공설운동장,2024-10-25,2024-10-26 0:00,공연+체험+부대행사,전라남도 광양시 광양읍 매천로 695-20,전라남도 광양시 광양읍 구산리 299,34.9840176,127.576216,전라남도 광양시
제74주년 인천상륙작전 평화월미문화축제,월미도 문화의 거리 갈매기홀,2024-09-08,2024-09-08 0:00,시네마콘서트,인천광역시 중구 신포로27번길 80,,37.4735647,126.6217779,인천광역시 중구
제74주년 인천상륙작전 시가행진,동인천역,2024-09-11,2024-09-11 0:00,시가행진,인천광역시 중구 신포로27번길 80,,37.4735647,126.6217779,인천광역시 중구
2024 청춘대로,"능동로 분수광장, 숲속의 무대 등 능동로 일대",2024-09-26,2024-09-28 0:00,청년페스티벌 축하 공연 등 다양한 청년참여 프로그램 운영,서울특별시 광진구 능동로 216,서울특별시 광진구 능동 18,37.5495886,127.081578,서울특별시 광진구
제10회 화성송산포도축제,궁평항,2024-09-07,2024-09-08 0:00,"포도 체험, 직거래 장터",경기도 화성시 서신면 궁평항로 1049-24,경기도 화성시 서신면 궁평리 689번지,37.1163766,126.6817341,경기도 화성시
제2회 도농 어울림 축제,동탄여울공원,2024-09-28,2024-09-29 0:00,"농업문화체험, 직거래 장터",,경기도 화성시 오산동 1060,37.1982264,127.0866873,경기도 화성시
정조 효 문화제 및 정조대왕능행차 공동재현,"정조효공원, 융건릉 일원",2024-10-05,2024-10-06 0:00,"영우원 천장 재현, 을묘년 원행 재현, 현륭원 제향 등",경기도 화성시 장조1로 34,경기도 화성시 안녕동 170-29,37.2055434,126.9961518,경기도 화성시
2024 화성 학생동아리 축제,동탄센트럴파크 일원,2024-10-26,2024-10-26 0:00,"초중고 학생동아리 공연, 전시 및 체험부스 운영",경기도 화성시 동탄지성로 121,경기도 화성시 반송동 43-2,37.2087484,127.0618871,경기도 화성시
제2회 화성 루나 빛 축제,동탄호수공원,2024-10-26,2024-10-26 0:00,"빛 조형물 및 루나마켓, 루나쇼, 문화공연 등",경기도 화성시 동탄순환대로 69,경기도 화성시 송동 78-2번지,37.1874676,127.1050871,경기도 화성시
인천펜타포트음악축제,송도달빛축제공원,2024-08-02,2024-08-04 0:00,국내·외 아티스트 콘서트+드론쇼+관객참여형 ESG캠페인 및 이벤트 등,인천광역시 연수구 센트럴로 350,인천광역시 연수구 송도동 26-1 달빛축제공원,37.4063111,126.6352338,한국관광공사
2024 제2회 안양일번가 넘버원 페스티벌,안양일번가 일대,2024-11-15,2024-11-17 0:00,"패션 버스킹, 쓰면『이루어진달」, 패션&뷰티 체험부스, 가수 및 동아리공연, 스탬프 투어 등",경기도 안양시 만안구 만안로223번길 7 (안양동),경기도 안양시 만안구 안양동 674-10,37.4003962,126.9223888,경기도 안양시
통영한산대첩축제,통영 강구안 문화마당+통영시 일원,2024-08-09,2024-08-14 0:00,삼도수군통제사 행차+임진왜란 3대 대첩지_삼도수군 군점 및 수조 재현+한산대첩 재현_통영 거북선 노젓기대회+행사+공연 등,경상남도 통영시 세병로 27,경상남도 통영시 문화동 62 삼도수군통제영(세병관),34.8482246,128.4227749,한국관광공사
제6회 신정1동 마을축제,단지어린이공원,2024-10-26,2024-10-26 0:00,자치회관프로그램발표+플리마켓+먹거리부스+체험부스,,서울특별시 양천구 신정동 1033-1,37.5151795,126.8557093,서울특별시 양천구
2024 제12회 군산시간여행축제,시간여행마을 일원,2024-10-03,2024-10-06 0:00,근대를 축으로 한 시간여행축제,전북특별자치도 군산시 중앙로 178,전북특별자치도 군산시 중앙로1가 11-1,35.9841883,126.7144643,전북특별자치도 군산시
정남진장흥물축제,탐진강+편백숲우드랜드,2024-07-27,2024-08-04 0:00,살수대첩+지상최대의물싸움+황금물고기를잡아라+수중줄다리기+워터락풀파티+별밤수다쟁이+지상최대의워터붐,전라남도 장흥군 장흥읍 우드랜드길 180,전라남도 장흥군 장흥읍 우산리 산20-1,34.6681616,126.9338113,한국관광공사
제19회 부산불꽃축제,동백섬+마린시티 일원,2024-11-01,2024-11-01 0:00,불꽃쇼+무대공연 등,부산광역시 해운대구 중동2로 11,부산광역시 해운대구 중동 1378-95,35.1629739,129.1637236,부산광역시 해운대구
달맞이 별다솜 음악회,달맞이 어울마당,2024-11-02,2024-11-02 0:00,공연팀+대중가수 공연,부산광역시 해운대구 중동2로 11,부산광역시 해운대구 중동 1378-95,35.1629739,129.1637236,부산광역시 해운대구
제11회 해운대 빛축제,구남로+해운대해수욕장+등,2024-12-01,2024-12-01 0:00,빛시설물 전시+체험프로그램 등,부산광역시 해운대구 중동2로 11,부산광역시 해운대구 중동 1378-95,35.1629739,129.1637236,부산광역시 해운대구
제37회 해운대북극곰축제,해운대해수욕장 일원,2024-12-01,2024-12-01 0:00,북극곰 수영대회+체험프로그램+무대공연 등,부산광역시 해운대구 중동2로 11,부산광역시 해운대구 중동 1378-95,35.1629739,129.1637236,부산광역시 해운대구
크리스마스 구남로 거리공연,구남로 문화거리,2024-12-01,2024-12-01 0:00,크리스마스 버스킹 공연,부산광역시 해운대구 중동2로 11,부산광역시 해운대구 중동 1378-95,35.1629739,129.1637236,부산광역시 해운대구
2025 카운트다운&해맞이 축제,해운대해수욕장 일원,2024-12-31,2025-01-01 0:00,카운트다운 행사+해맞이 행사+부대 프로그램 등,부산광역시 해운대구 중동2로 11,부산광역시 해운대구 중동 1378-95,35.1629739,129.1637236,부산광역시 해운대구
2024 남원 세계드론제전,남원종합스포츠타운,2024-10-03,2024-10-06 0:00,드론공연 남원 페스티벌+드론스포츠 대회+글로벌드론산업박람회+ 푸드트럭 페스티벌 등,전북특별자치도 남원시 충정로 341,전북특별자치도 남원시 월락동 248,35.4306519,127.403754,전북특별자치도 남원시
종교연합바자회,서울특별시 강북구 한신대신학대학원,2024-10-12,2024-10-12 0:00,종교연합 바자회 기증물품 판매+문화공연 수익금전액 난치병어린이돕기 후원,서울특별시 강북구 인수봉로 159,서울특별시 강북구 수유동 498-16,37.6345142,127.0113541,서울특별시 강북구
안성맞춤 남사당 바우덕이 축제,안성맞춤랜드+안성천 일대(작은미술관 부근),2024-10-03,2024-10-06 0:00,공식행사(개장식+개폐막식)+시립풍물단 상설공연+시민예술무대+바우덕이 국악콘서트+비봉산 행복산행+음악회+옛 장터 운영+농특산물 홍보판매 +키즈체험프로그램+저탄소 프로그램+경관조명 운영 등+전야제(길놀이),경기도 안성시 보개면 남사당로 198,경기도 안성시 보개면 복평리 303-3번지,37.0329386,127.3078518,경기도 안성시
안성맞춤 포도축제,안성 제4산업단지 KCC 공장 옆,2024-10-01,2024-10-30 0:00,포도 전시 및 직판장 운영+포도 시식+포도관련 체험+다양한 이벤트 행사+지역문화 공연+노래자랑+초청가수 공연 등,경기도 안성시 서운면 서운중앙길 23,경기도 안성시 서운면 인리 107-4번지,36.9430339,127.2593769,경기도 안성시
죽주대고려문화축제,동안성시민복지센터,2024-10-01,2024-10-30 0:00,송문주 장문 대몽항쟁 역사 및 축제 발전방향 심포지엄+콘서트 및 지역주민 장기자랑,경기도 안성시 죽산면 남부길 60,경기도 안성시 죽산면 죽산리 499번지,37.0746422,127.4244675,경기도 안성시
2024 지금여기 금정 관광후기 이벤트,인스타그램+페이스북,2024-02-01,2024-11-30 0:00,금정을 여행하는 누구나 나만의 금정 관광후기를 공유하고 타인의 관광후기를 공유 받을 수 있음,부산광역시 금정구 중앙대로 1777,,35.2428539,129.0923754,부산광역시 금정구
찾아가는 영화관Ⅱ (드라이브-인-시네마),해운대수목원,2024-09-01,2024-09-01 0:00,야외 영화관 상영,부산광역시 해운대구 중동2로 11,부산광역시 해운대구 중동 1378-95,35.1629739,129.1637236,부산광역시 해운대구
제7회 반송한마음축제,반송동 일원,2024-10-01,2024-10-01 0:00,개막행사+무대공연 등,부산광역시 해운대구 중동2로 11,부산광역시 해운대구 중동 1378-95,35.1629739,129.1637236,부산광역시 해운대구
달맞이언덕 인문학 축제,어울마당+추리문학관 등,2024-10-01,2024-10-01 0:00,인문학 강연+무대공연 등,부산광역시 해운대구 중동2로 11,부산광역시 해운대구 중동 1378-95,35.1629739,129.1637236,부산광역시 해운대구
장산제,장산 일원,2024-10-01,2024-10-01 0:00,개막행사+무대공연 등,부산광역시 해운대구 중동2로 11,부산광역시 해운대구 중동 1378-95,35.1629739,129.1637236,부산광역시 해운대구
동백섬문화관광축제,동백섬 일원,2024-10-01,2024-10-01 0:00,최치원추념헌공다례+기로연진다례 등,부산광역시 해운대구 중동2로 11,부산광역시 해운대구 중동 1378-95,35.1629739,129.1637236,부산광역시 해운대구
제11회 수영강변축제,수영강시민공원,2024-10-01,2024-10-01 0:00,개막행사+무대공연 등,부산광역시 해운대구 중동2로 11,부산광역시 해운대구 중동 1378-95,35.1629739,129.1637236,부산광역시 해운대구
반여1동 수영강 콘서트,수영강 시민공원,2024-10-01,2024-10-01 0:00,라이브 대중가수 공연,부산광역시 해운대구 중동2로 11,부산광역시 해운대구 중동 1378-95,35.1629739,129.1637236,부산광역시 해운대구
해운대 구립예술단(3개) 정기공연,문화회관+영화의 전당,2024-10-01,2024-10-01 0:00,3개 예술단 정기 공연,부산광역시 해운대구 중동2로 11,부산광역시 해운대구 중동 1378-95,35.1629739,129.1637236,부산광역시 해운대구
2024 안양춤축제 ANYANG DANCE FESTIVAL,평촌중앙공원+삼덕공원,2024-09-27,2024-09-29 0:00,시민공연마당 + 전시체험부스 + 개폐막 작품 + 가수 축하공연 + 댄스대회 + 안양시민의날 기념식 + 시민커뮤니티댄스 등,경기도 안양시 동안구 관평로 149 (평촌동),경기도 안양시 동안구 평촌동 895,37.3899824,126.9592097,경기도 안양시
광주비엔날레,광주비엔날레전시관+양림동+무각사+광주광역시 일원,2024-09-07,2024-12-01 0:00,현대미술 전시+파빌리온전시+국제학술행사+마당시민체험,광주광역시 북구 비엔날레로 111,광주광역시 북구 용봉동 1022-3,35.1827175,126.8877092,광주광역시
광주프린지페스티벌,광주비엔날레전시관+금남로+김대중컨벤션센터 일원,2024-09-21,2024-09-29 0:00,"거리공연(음악, 마임, 거리극 등)+스트릿댄스+시민참여 체험프로그램",광주광역시 동구 금남로 245,광주광역시 동구 금남로1가 1-1,35.1483352,126.9188169,광주광역시
광주김치축제,광주광역시청 일원,2024-10-18,2024-10-20 0:00,김치 요리 경연대회+김치만들기 체험+김치마케팅+김치 전시,광주광역시 서구 내방로 111,광주광역시 서구 치평동 1200,35.1597705,126.8515218,광주광역시
광주사운드파크페스티벌,김대중컨벤션센터 일원,2024-09-27,2024-09-27 0:00,뮤지션 공연,광주광역시 서구 상무누리로 30,광주광역시 서구 치평동 1159-2,35.1468016,126.8405088,광주광역시
미추홀미디어문화축제,문학경기장 동문광장,2024-10-05,2024-10-06 0:00,미추홀의 특색있는 문화자원과 미디어 분야의 융합 콘텐츠를 만날 수 있는 축제 프로그램,인천광역시 미추홀구 매소홀로 618,인천광역시 미추홀구 문학동 515,37.4360098,126.6909264,인천광역시 미추홀구
제22회부여서동연꽃축제,서동공원+궁남지 일원,2024-07-05,2024-07-07 0:00,경관조성+공연·경연+체험,충남 부여군 부여읍 궁남로 52,충청남도 부여군 부여읍 동남리 152-1,36.2717722,126.9131947,충청남도 부여군
제70회 백제문화제,백제문화단지+구드래 신리 부교+부여읍 시가지,2024-09-28,2024-10-06 0:00,제례+불전+퍼레이드+전시·체험+공연+경연,충남 부여군 규암면 백제문로 455,충청남도 부여군 규암면 합정리 138,36.2944985,126.8964414,충청남도 부여군
곡성심청어린이대축제,섬진강기차마을,2024-10-03,2024-10-06 0:00,어린이 중심 콘텐츠로 캐릭터 공연과 가족형 이벤트 개최,전라남도 곡성군 오곡면 기차마을로 233,전라남도 곡성군 오곡면 오지리 770-5,35.2768857,127.3072411,전라남도 곡성군
동래읍성역사축제,동래문화회관+읍성광장+온천장 일원,2024-10-11,2024-10-13 0:00,동래부사행차길놀이+동래성저전투재현 뮤지컬+동래세가닥줄다리기+동래장터 체험 등,부산광역시 동래구 문화로 80(명륜동),부산광역시 동래구 명륜동 137,35.2119855,129.0900989,부산광역시 동래구
천을산 해맞이,천을산 정상,2025-01-01,2025-01-01 0:00,신년메세지+해오름 퍼포먼스 등,,대구광역시 수성구 가천동 산11-3,35.8516597,128.6947909,대구광역시 수성구
희망달서 대축제,달서아트센터,2024-10-12,2024-10-13 0:00,희망가득체험부스+다문화 어울림제+축하 콘서트 등,대구광역시 달서구 문화회관길 160(장기동),대구광역시 달서구 장기동 722-1,35.8432116,128.5227107,대구광역시 달서구
다문화 한글 백일장,병암서원,2024-10-04,2024-10-04 0:00,시화+수필 경연대회,대구광역시 달서구 새방로 21,대구광역시 달서구 용산동 521,35.8609895,128.5208163,대구광역시 달서구
다문화축제,달서아트센터,2024-10-13,2024-10-13 0:00,다문화 어울림제,대구광역시 달서구 문화회관길 160,대구광역시 달서구 장기동 722-1,35.8432116,128.5227107,대구광역시 달서구
두근두근페스티벌,월광수변공원,2024-09-28,2024-09-28 0:00,결혼 콘텐츠 프로그램+공연+ 체험 및 홍보부스 등,대구광역시 달서구 월곡로 5,대구광역시 달서구 도원동 898-1,35.7981341,128.547738,대구광역시 달서구
안동국제탈춤페스티벌,구안동역사+탈춤공원+웅부공원+하회마을 외,2024-09-27,2024-10-06 0:00,탈춤공연+경연대회+대동난장 등,경상북도 안동시 경동로 684(운흥동) 일대,,36.5606037,128.7313487,경상북도 안동시
와일드&로컬푸드 축제,고산자연휴양림,2024-10-04,2024-10-06 0:00,와일드체험+로컬푸드체험+파이어존,전북특별자치도 완주군 고산면 고산자연휴양림로 246,전북특별자치도 완주군 고산면 오산리 산43-1,35.9609004,127.2334595,전북특별자치도 완주군
2025 간절곶 해맞이 행사,울주군 서생면 간절곶 일원,2024-12-31,2025-01-01 0:00,새해 해맞이 행사(송년행사+신년행사+새해떡국나눔+셔틀버스 운행 등),울산광역시 울주군 서생면 간절곶1길 39-2,울산광역시 울주군 서생면 대송리 28-1,35.3588966,129.3604333,울산광역시 울주군
현인가요제,송도해수욕장,2024-08-03,2024-08-04 0:00,개막행사+현인가요제 전야제+현인가요제 본선,부산광역시 서구 송도해변로 100,부산광역시 서구 암남동 135-5,35.0761426,129.0177503,부산광역시 서구
부산고등어축제,송도해수욕장 및 부산공동어시장 일원,2024-10-25,2024-10-27 0:00,개막행사+맨손으로 고등어잡기+고등어 주제공연+종이배 경주대회+고등어캐릭터 전시+고등어 스탬프투어+먹거리장터 등,부산광역시 서구 송도해변로 100,부산광역시 서구 암남동 135-5,35.0761426,129.0177503,부산광역시 서구
2024청도반시축제,청도야외공연장,2024-10-11,2024-10-13 0:00,청도반시전시판매행사 및 공연,경상북도 청도군 화양읍 청려로 1846,경상북도 청도군 화양읍 동천리 457,35.6487792,128.7174013,경상북도 청도군
2024청도세계코미디아트페스티벌,청도야외공연장,2024-10-11,2024-10-13 0:00,코미디를 테마로 한 공연+전시+체험 등,경상북도 청도군 화양읍 청려로 1846,경상북도 청도군 화양읍 동천리 457,35.6487792,128.7174013,경상북도 청도군
제16회 마포나루 새우젓축제,월드컵공원 평화의 광장 일원,2024-10-18,2024-10-20 0:00,개장식+기념식+문화행사+체험행사+판매장터 운영 등,서울특별시 마포구 월드컵로 243-60(성산동),서울특별시 마포구 성산동 390-1,37.5592227,126.9126287,서울특별시 마포구
신년해맞이축제,하늘공원,2025-01-01,2025-01-01 0:00,일출감상,서울특별시 마포구 하늘공원로 95,서울특별시 마포구 상암동 481-72,37.5671036,126.8869296,서울특별시 마포구
제21회 사상강변축제,삼락생태공원,2024-10-12,2024-10-13 0:00,"개막식+불꽃놀이, 강변음악회, 강변가요제, 체험부스 등",,부산광역시 사상구 삼락동 29-70번지,35.1598996,128.9715786,부산광역시 사상구
설봉산별빛축제,설봉공원 야외대공연장 및 장호원 복숭아 축제장 특설무대,2024-07-13,2024-08-10 0:00,대중예술공연(총5회공연),경기도 이천시 경충대로2697번길 304,경기도 이천시 관고동 393-1,37.2779369,127.4257581,경기도 이천시
필봉마을굿축제,필봉문화촌,2024-09-27,2024-09-29 0:00,국가무형문화재 초청공연+전국농악경연대회+전통연희+학술세미나,전북특별자치도 임실군 강진면 강운로 272,전북특별자치도 임실군 강진면 필봉리 88-1,35.536708,127.1543569,전북특별자치도 임실군
임실N치즈축제,임실치즈테마파크+임실치즈마을,2024-10-03,2024-10-06 0:00,국가대표 임실N치즈 대형 쌀피자 체험+임실N치즈 경매 등,전북특별자치도 임실군 성수면 도인2길 50,전북특별자치도 임실군 성수면 도인리 689,35.632786,127.301299,전북특별자치도 임실군
산타축제,임실치즈테마파크,2024-12-21,2024-12-25 0:00,산타 및 겨울 관련 공연 이벤트 체험행사 등,전북특별자치도 임실군 성수면 도인2길 50,전북특별자치도 임실군 성수면 도인리 689,35.632786,127.301299,전북특별자치도 임실군
2024 청양고추구기자문화축제,백세건강공원,2024-08-30,2024-09-01 0:00,공연+전시+판매+체험+부대행사 등,,충청남도 청양군 청양읍 읍내리 377-10,36.4449541,126.8034199,충청남도 청양군
익산천만송이국화축제,익산중앙체육공원,2024-10-18,2024-10-27 0:00,국화조형물 및 작품 전시+로컬푸드 판매+체험+공연+이벤트,전북특별자치도 익산시 하나로 322,전북특별자치도 익산시 어양동 52,35.9492379,126.9860638,전북특별자치도 익산시
